<?xml version="1.0" encoding="UTF-8"?>
<project-private xmlns="http://www.netbeans.org/ns/project-private/1">
    <editor-bookmarks xmlns="http://www.netbeans.org/ns/editor-bookmarks/2" lastBookmarkId="0"/>
    <open-files xmlns="http://www.netbeans.org/ns/projectui-open-files/2">
        <group>
            <file>file:/C:/Users/julio/OneDrive/Documents/NetBeansProjects/ProjetoR/src/app/model/Prova.java</file>
            <file>file:/C:/Users/julio/OneDrive/Documents/NetBeansProjects/ProjetoR/src/app/util/Modelo.java</file>
            <file>file:/C:/Users/julio/OneDrive/Documents/NetBeansProjects/ProjetoR/src/app/controller/UsuarioController.java</file>
            <file>file:/C:/Users/julio/OneDrive/Documents/NetBeansProjects/ProjetoR/src/app/util/ProvaCorrigida.java</file>
            <file>file:/C:/Users/julio/OneDrive/Documents/NetBeansProjects/ProjetoR/src/app/util/ConexaoBanco.java</file>
            <file>file:/C:/Users/julio/OneDrive/Documents/NetBeansProjects/ProjetoR/src/app/model/Usuario.java</file>
            <file>file:/C:/Users/julio/OneDrive/Documents/NetBeansProjects/ProjetoR/src/telas/comparaProva.java</file>
            <file>file:/C:/Users/julio/OneDrive/Documents/NetBeansProjects/ProjetoR/src/app/controller/ProvaController.java</file>
            <file>file:/C:/Users/julio/OneDrive/Documents/NetBeansProjects/ProjetoR/src/telas/login.java</file>
        </group>
    </open-files>
</project-private>
